"Full Name",Email,"Phone Number",Clinic,Chiropractor,Roles
"B. Rita Roe",rita.roe@chirothintracker.com,701-833-7766,"ChiroThinTracker.com Training Site","Dr. John Schellenberg (Training)","eCommerce, Enrolled Patient, Patient - ChiroThin"
"J. Richard Roe",richard.roe@chirothintracker.com,701-833-7766,"ChiroThinTracker.com Training Site","Dr. John Schellenberg (Training)","eCommerce, Archived Patient, Patient - ChiroThin"
"Jane Doe",jane.doe@chirothintracker.com,701-833-7766,"ChiroThinTracker.com Training Site",,"Archived Patient, Patient - ChiroThin"
"John Doe",john.doe@chirothintracker.com,701-833-7766,"ChiroThinTracker.com Training Site","Dr. John Schellenberg (Training)","eCommerce, Archived Patient, Patient - ChiroThin"
"A. Joe Patient",inrlux1@gmail.com,7857857855,"ChiroThinTracker.com Training Site","Dr. John Schellenberg (Training)","eCommerce, Enrolled Patient, Patient - ChiroThin"
ChiroThinSuccess,cts@me.com,555-888-8585,"ChiroThinTracker.com Training Site","Dr. John Schellenberg (Training)","eCommerce, Archived Patient, Patient - ChiroThin"
"Joseph J",joseph.j@chirothintracker.com,7018524001,"ChiroThinTracker.com Training Site","Dr. John Schellenberg (Training)","Archived Patient, Patient - ChiroThin"
"Miss Patient",jih@oijini.com,88687687,"ChiroThinTracker.com Training Site","Dr. John Schellenberg (Training)","Archived Patient, Patient - ChiroThin"
"Ben McNeil",adfasef@adlf.com,567-098-8765,"ChiroThinTracker.com Training Site","Dr. John Schellenberg (Training)","Archived Patient, Patient - ChiroThin"
"Mrs jones",inrlux2@one.com,161465,"ChiroThinTracker.com Training Site","Dr. John Schellenberg (Training)","Archived Patient, Patient - ChiroThin"
"Kendall - Patient",john.kendall@gtail.com,5554--999,"ChiroThinTracker.com Training Site","Dr. John Schellenberg (Training)","Archived Patient, Patient - ChiroThin"
"Mrs. Jane",klhh@live.com,457-869-8874,"ChiroThinTracker.com Training Site","Dr. John Schellenberg (Training)","Archived Patient, Patient - ChiroThin"
"Gary Holland",lkjhr@live.com,754-855-9874,"ChiroThinTracker.com Training Site","Dr. John Schellenberg (Training)","Archived Patient, Patient - ChiroThin"
"Mary Swanson",mary@me.com,555-555-5555,"ChiroThinTracker.com Training Site","Dr. John Schellenberg (Training)","Archived Patient, Patient - ChiroThin"
"Ms. P.R",mispr@me.com,555-555-9898,"ChiroThinTracker.com Training Site","Dr. John Schellenberg (Training)","Archived Patient, Patient - ChiroThin"
"Dr .Chris",drcarr@gmail.com,451.235.564,"ChiroThinTracker.com Training Site","Dr. John Schellenberg (Training)","Archived Patient, Patient - ChiroThin"
"Mrs. Smith",lkj@gmail.com,545454,"ChiroThinTracker.com Training Site","Dr. John Schellenberg (Training)","Archived Patient, Patient - ChiroThin"
"Sample Kit Buyer 1",me@live.com,555-888-9999,"ChiroThinTracker.com Training Site","Dr. John Schellenberg (Training)","Archived Patient, Patient - ChiroThin"
"Z. Josh Christy",josh@codelation.com,8665726337,"ChiroThinTracker.com Training Site","Dr. John Schellenberg (Training)","eCommerce, Archived Patient, Patient - ChiroThin"
"Mary Smith",msmith@me.com,555-555-9999,"ChiroThinTracker.com Training Site","Dr. John Schellenberg (Training)","Archived Patient, Patient - ChiroThin"
"C. Laser Only Patient",laser@me.com,701-959-7894,"ChiroThinTracker.com Training Site","Dr. John Schellenberg (Training)","eCommerce, Archived Patient, Patient - ChiroThin"
"B Rooney",br@me.com,78987498787,"ChiroThinTracker.com Training Site","Dr. John Schellenberg (Training)","eCommerce, Enrolled Patient, Patient - ChiroThin"
"LAser Only Test",lot@me.com,4563214569,"ChiroThinTracker.com Training Site","Dr. John Schellenberg (Training)","eCommerce, Enrolled Patient, Patient - ChiroThin"
"Lipo Test",zt@we.com,4566544568,"ChiroThinTracker.com Training Site","Dr. John Schellenberg (Training)","Archived Patient, Patient - ChiroThin"
"zer test",zt2@wo.com,4566544569,"ChiroThinTracker.com Training Site","Dr. John Schellenberg (Training)","eCommerce, Archived Patient, Patient - ChiroThin"
"Josh Nelson",jn@me.com,5464,"ChiroThinTracker.com Training Site","Dr. John Schellenberg (Training)","Archived Patient, Patient - ChiroThin"
"Dana Patient",sign2154@me.net,7016408550,"ChiroThinTracker.com Training Site","Dr. John Schellenberg (Training)","Archived Patient, Patient - ChiroThin"
"Mrs. Rickards",brk@me.com,4565464654,"ChiroThinTracker.com Training Site","Dr. John Schellenberg (Training)","Archived Patient, Patient - ChiroThin"
"Mrs. New Patient",np@me.com,1234567899,"ChiroThinTracker.com Training Site","Dr. John Schellenberg (Training)","Archived Patient, Patient - ChiroThin"
"J MCL",jm@me.com,456874164,"ChiroThinTracker.com Training Site","Dr. John Schellenberg (Training)","Archived Patient, Patient - ChiroThin"
"Chant W",loe@me.com,4566846987,"ChiroThinTracker.com Training Site","Dr. John Schellenberg (Training)","eCommerce, Archived Patient, Patient - ChiroThin"
"Glen T",glen@me.com,154647,"ChiroThinTracker.com Training Site","Dr. John Schellenberg (Training)","Archived Patient, Patient - ChiroThin"
"Will M",wm@wm.com,4654,"ChiroThinTracker.com Training Site","Dr. John Schellenberg (Training)","Archived Patient, Patient - ChiroThin"
"Tim J",tj@tj.com,1568461,"ChiroThinTracker.com Training Site","Dr. John Schellenberg (Training)","Archived Patient, Patient - ChiroThin"
"Deb M",em@dm.com,156,"ChiroThinTracker.com Training Site","Dr. John Schellenberg (Training)","eCommerce, Archived Patient, Patient - ChiroThin"
"al davis",al@asl.com,156994,"ChiroThinTracker.com Training Site","Dr. John Schellenberg (Training)","eCommerce, Archived Patient, Patient - ChiroThin"
"mrs. jones",mrsjones@me.com,1564,"ChiroThinTracker.com Training Site","Dr. John Schellenberg (Training)","Archived Patient, Patient - ChiroThin"
"Tiffany R",tr@tr.com,12354894,"ChiroThinTracker.com Training Site","Dr. John Schellenberg (Training)","Archived Patient, Patient - ChiroThin"
"Janet T",janet@jt.com,1564,"ChiroThinTracker.com Training Site","Dr. John Schellenberg (Training)","eCommerce, Archived Patient, Patient - ChiroThin"
"Melissa M",mm@mm.com,1684,"ChiroThinTracker.com Training Site","Dr. John Schellenberg (Training)","Archived Patient, Patient - ChiroThin"
"pete puck",peter@puck.com,123,"ChiroThinTracker.com Training Site","Dr. John Schellenberg (Training)","eCommerce, Archived Patient, Patient - ChiroThin"
"Custom Test",custom@test.com,724-789-9874,"ChiroThinTracker.com Training Site","Dr. John Schellenberg (Training)","Archived Patient, Patient - ChiroThin"
"Training Demonstration",training@chirothintracker.com,555-555-5555,"ChiroThinTracker.com Training Site","Dr. John Schellenberg (Training)","eCommerce, Archived Patient, Patient - ChiroThin"
"Amazing Patient",ap@live.com,123-456-7890,"ChiroThinTracker.com Training Site","Dr. John Schellenberg (Training)","eCommerce, Archived Patient, Patient - ChiroThin"
"A. Mazing Patient",live@livem.com,456-321-7896,"ChiroThinTracker.com Training Site","Dr. John Schellenberg (Training)","eCommerce, Enrolled Patient, Patient - ChiroThin"
"L. Aser Only Test",laseronly@me.com,555.555.5555,"ChiroThinTracker.com Training Site","Dr. John Schellenberg (Training)","eCommerce, Archived Patient, Patient - ChiroThin"
"Forum Workshop Patient",cdf3@me.com,555.555.5555,"ChiroThinTracker.com Training Site","Dr. John Schellenberg (Training)","eCommerce, Archived Patient, Patient - ChiroThin"
"Bri Oslowsk",mukwa25@gmail.com,7015618939,"ChiroThinTracker.com Training Site","Dr. John Schellenberg (Training)","eCommerce, Archived Patient, Patient - ChiroThin"
"MRs. Jones",mrsj@me.com,159-325-7896,"ChiroThinTracker.com Training Site","Dr. John Schellenberg (Training)","eCommerce, Archived Patient, Patient - ChiroThin"
"Maddie soden",maddison.soden@gmail.com,319-929-5437,"ChiroThinTracker.com Training Site","Dr. John Schellenberg (Training)","eCommerce, Archived Patient, Patient - ChiroThin"
"Mrs Mary Jones",mrsmaryjones@gmil.com,5498987745,"ChiroThinTracker.com Training Site","Jonathan Gardner (Clinician)","eCommerce, Archived Patient, Patient - White Label"
"Mrs. Jones",mrdsj@me.com,555-555-9999,"ChiroThinTracker.com Training Site","Dr. John Schellenberg (Training)","eCommerce, Archived Patient, Patient - ChiroThin"
"Laser Patti",lpme@gmail.com,545649419,"ChiroThinTracker.com Training Site","Dr. John Schellenberg (Training)","eCommerce, Archived Patient, Patient - ChiroThin"
"A. Random Dude",john.s.brilliantsoftware@gmail.com,7018668256,"ChiroThinTracker.com Training Site","Dr. John Schellenberg (Training)","eCommerce, Enrolled Patient, Patient - ChiroThin"
"Dr. Brenda's Patient",pt@pt.com,555-555-9999,"ChiroThinTracker.com Training Site","Dr. John Schellenberg (Training)","eCommerce, Archived Patient, Patient - ChiroThin"
"Chirothin and Contour Light Patient",me@me.com,555-999-9999,"ChiroThinTracker.com Training Site","Dr. John Schellenberg (Training)","eCommerce, Archived Patient, Patient - ChiroThin"
"Height Inches",h@in.com,5074024888,"ChiroThinTracker.com Training Site","Dr. John Schellenberg (Training)","eCommerce, Archived Patient, Patient - ChiroThin"
"Mary Jones",mary@jones.me,5555555555,"ChiroThinTracker.com Training Site","Dr. John Schellenberg (Training)","eCommerce, Archived Patient, Patient - ChiroThin"
"Height Inches",fake@mail.com,3336665555,"ChiroThinTracker.com Training Site","Dr. John Schellenberg (Training)","eCommerce, Archived Patient, Patient - ChiroThin"
"Test Patient",amberv185@yahoo.com,5074022029,"ChiroThinTracker.com Training Site","Dr. John Schellenberg (Training)","eCommerce, Archived Patient, Patient - ChiroThin"
"Jack Tester",live4zumba@yahoo.com,5074022029,"ChiroThinTracker.com Training Site","Dr. John Schellenberg (Training)","eCommerce, Archived Patient, Patient - ChiroThin"
"Martha Stewart",martha@st.me123fdbfd,555-123-1234,"ChiroThinTracker.com Training Site","Dr. John Schellenberg (Training)","eCommerce, Archived Patient, Patient - ChiroThin"
test,test@test.com,1111111111,"ChiroThinTracker.com Training Site","Dr. John Schellenberg (Training)","eCommerce, Archived Patient, Patient - ChiroThin"
"Relax 1",relax17711@gmail.com,2356475478,"ChiroThinTracker.com Training Site","Dr. John Schellenberg (Training)","eCommerce, Archived Patient, Patient - ChiroThin"
cls,ceydeels@icloud.com,123452456,"ChiroThinTracker.com Training Site","Dr. John Schellenberg (Training)","eCommerce, Archived Patient, Patient - ChiroThin"
"Amber Von Haden",ambervonhaden1234@yahoo.com,5074022029,"ChiroThinTracker.com Training Site","Dr. John Schellenberg (Training)","eCommerce, Archived Patient, Patient - ChiroThin"
"Jenn Tester",abc@123.com,555-253-4545,"ChiroThinTracker.com Training Site","Dr. John Schellenberg (Training)","eCommerce, Archived Patient, Patient - ChiroThin"
"Jonathan Gardner",jairgee@outlook.com,7018337766,"ChiroThinTracker.com Training Site","Dr. John Schellenberg (Training)","eCommerce, Archived Patient, Patient - ChiroThin"
Welcome,messages@myidealtracker.com,1112223331,"ChiroThinTracker.com Training Site","Dr. John Schellenberg (Training)","eCommerce, Archived Patient, Patient - ChiroThin"
"Test TESTERS",TESTERS@myeztest.com,1111111111,"ChiroThinTracker.com Training Site","Dr. John Schellenberg (Training)","eCommerce, Archived Patient, Patient - ChiroThin"
"Demo test",demo@test.com,1111111111,"ChiroThinTracker.com Training Site","Dr. John Schellenberg (Training)","eCommerce, Archived Patient, Patient - ChiroThin"
"Saurabh Kumar",saurabhkumar6698@gmail.com,9708400656,"ChiroThinTracker.com Training Site","Dr. John Schellenberg (Training)","eCommerce, Archived Patient, Patient - ChiroThin"
"Testing testerish",rakere6621@cmheia.com,555.555.555,"ChiroThinTracker.com Training Site","John Schellenberg","eCommerce, Enrolled Patient, Patient - White Label"
"Vadnee Jefferson",drvsj@rocketmail.com,2013765822,"ChiroThinTracker.com Training Site","Dr. John Schellenberg (Training)","eCommerce, Archived Patient, Patient - ChiroThin"
"jack sparrow",whyisalltherumgone@gmail.com,333222555,"ChiroThinTracker.com Training Site","Dr. John Schellenberg (Training)","eCommerce, Archived Patient, Patient - ChiroThin"
Q2,qaiseri79@gmail.com,1234561,"ChiroThinTracker.com Training Site","Dr. John Schellenberg (Training)","eCommerce, Enrolled Patient, Patient - ChiroThin"
"todd rammy",saldfkj@hotmail.com,141415256,"ChiroThinTracker.com Training Site","Dr. John Schellenberg (Training)","eCommerce, Archived Patient, Patient - ChiroThin"
"graph tester",145@gmail.com,14748547,"ChiroThinTracker.com Training Site","Dr. John Schellenberg (Training)","eCommerce, Archived Patient, Patient - ChiroThin"
"New Patient",newpatient@yopmail.com,7017214741,"ChiroThinTracker.com Training Site","Dr. John Schellenberg (Training)","eCommerce, Archived Patient, Patient - ChiroThin"
"test testers123",test123@yopmail.com,1111111111,"ChiroThinTracker.com Training Site","Dr. John Schellenberg (Training)","eCommerce, Archived Patient, Patient - ChiroThin"
"Testing Testing123",testtesting123@yopmail.com,1111111111,"ChiroThinTracker.com Training Site","Dr. John Schellenberg (Training)","eCommerce, Enrolled Patient, Patient - ChiroThin"
Misc,misc@fakemail.com,1111111111,"ChiroThinTracker.com Training Site","Dr. John Schellenberg (Training)","eCommerce, Enrolled Patient, Patient - ChiroThin"
"Smoke Test 1790845999",smoke+1790845999@example.com,555-0100,"ChiroThinTracker.com Training Site","Dr. John Schellenberg (Training)","Enrolled Patient"
"Smoke Test 1790846412",smoke+1790846412@example.com,555-0100,"ChiroThinTracker.com Training Site","Dr. John Schellenberg (Training)","Enrolled Patient"