Order Number,Subscriber Name,Email address,Subscription Level,FEE,start date,trial end date,Renewal date,Last Order date
#22709,Todd Reese,spinealignchiropractic@gmail.com,VETERAN,$289.00,"July 24, 2024","August 27, 2024","August 28, 2024","July 24, 2024"
#22623 for, Dominic Scaramozi,malorie@pecancountrychiropractic.com,VETERAN,$289.00,"July 17, 2024",8/13/24,-,"July 17, 2024"
,#22586 for Ashley Sullivan,ashley@heal-love.com,ALL PRO,$338.00,"July 1, 2024","August 25, 2024","August 26, 2024","July 1, 2024"
,#22411 for Sinan Gocmen,info@getabudanthealth.com,VETERAN,$289.00,"May 7, 2024",-,"September 7, 2024",8/8/24
,#22407 for Jennifer Hammer-Codd,drjdcodd@gmail.com,ROOKIE,$199.00,"May 6, 2024",-,"September 7, 2024",8/7/24
,#22398 for Jessica Krishnakumar,jessicakrish@gmail.com,VETERAN,$289.00,"May 1, 2024","June 30, 2024","September 1, 2024","August 1, 2024"
,#22310 for Mark Darner,markdarner@yahoo.com,VETERAN,$289.00,"April 9, 2024","June 3, 2024","September 4, 2024","August 4, 2024"
,#22224 for Brian Arne,bewell@arneclinic.com,ROOKIE,$199.00,"March 14, 2024","April 10, 2024","September 11, 2024",8/10/24
,#22192 for Aaron Verrett,cypresschiropractic@gmail.com,ROOKIE,$199.00,"February 26, 2024","April 21, 2024","August 22, 2024","July 22, 2024"
,#22028 for Noble Lindberg III,elevatechiropracticmeridian@gmail.com,ROOKIE,$199.00,"January 18, 2024","March 11, 2024","September 12, 2024",9/11/24
,#22008 for Guy Furno,thincthinner@gmail.com,VETERAN,$289.00,"January 11, 2024","March 7, 2024","September 7, 2024",8/8/24
,#22003 for Jennie Bonfiglio,surpriselakechiro@gmail.com,ROOKIE,$199.00,"January 9, 2024","March 4, 2024","September 5, 2024","August 5, 2024"
,#21989 for Melanie Wessels,hello@allseasonschiropractic.com,NEWBIE,$99.00,"January 2, 2024",-,"September 2, 2024","August 2, 2024"
,#21915 for Andrew Winger,contactus@lakesiderentonchiro.com,ROOKIE,$199.00,"December 19, 2023","January 15, 2024",,"July 16, 2024"
,#21804 for Kelly Chwojdak,safeharborchiro@gmail.com,VETERAN,$289.00,"November 15, 2023","January 15, 2024",8/15/24,"July 15, 2024"
,#21801 for Leonard Roberts,team@bewellsummit.com,VETERAN,$289.00,"November 13, 2023","January 8, 2024","September 8, 2024",4 days ago
,#21579 for David Meyer,gcchirothin@gmail.com,NEWBIE,$99.00,"September 18, 2023","October 15, 2023",8/15/24,"July 16, 2024"
,#21562 for Joseph Taylor,drtaylor@renewedwellness.net,VETERAN,$289.00,"September 12, 2023","October 9, 2023","September 10, 2024",8/9/24
,#21357 for Jim Hall,drjimhall@gmail.com,VETERAN,$289.00,"July 20, 2023","September 14, 2023",8/14/24,"July 14, 2024"
,#21324 for Leanne Schlueter,info@greenwoodfamilychiropractic.com,ROOKIE,$199.00,"July 10, 2023","August 8, 2023","September 7, 2024",8/6/24
,#21312 for Julia Miller,drjulia@affinityhealthchiro.com,ROOKIE,$199.00,"July 3, 2023","August 8, 2023","August 25, 2024","July 25, 2024"
,#21305 for Elizabeth Carpenter,drbeth94@gmail.com,ROOKIE,$199.00,"June 29, 2023","August 24, 2023","August 24, 2024","July 24, 2024"
,#21303 for Suhill Samji,drsamji@physiomed.ca,ROOKIE - WITH $40 DISCOUNT. NOT SURE HOW WE CAN HANDLE THIS SUBSCRIPTION,$159.00,"June 28, 2023","July 25, 2023","August 25, 2024","July 25, 2024"
,#21011 for William Barrett,wrbarrettdc@gmail.com,ROOKIE,$199.00,"April 24, 2023","May 21, 2023","August 25, 2024","July 25, 2024"
,#20993 for Scott Brunengraber,Smithtownwellness@gmail.com,ROOKIE,$199.00,"April 19, 2023","May 18, 2023","August 25, 2024","July 25, 2024"
,#20882 for Steven Goodstein,info@drgoodstein.com,NEWBIE,$99.00,"March 20, 2023",-,"August 25, 2024","July 25, 2024"
,#20847 for Nathaniel Gasdorf,cgasdorf@frontier.com,NEWBIE,$99.00,"March 5, 2023",-,8/19/24,"July 19, 2024"
,#20732 for Lyle Koca,shawn@kocachiropractic.com,VETERAN,$289.00,"January 31, 2023","March 28, 2023","August 26, 2024","July 26, 2024"
,#17349 for Tiffany Themas,litethin101@gmail.com,ROOKIE,$199.00,"August 26, 2022","October 21, 2022","August 25, 2024","July 25, 2024"
,#17331 for Ashley Emel,dr.ashleyemel@gmail.com,NEWBIE,$99.00,"August 21, 2022","September 19, 2022","August 25, 2024","July 25, 2024"
,#17194 for Eric Prestin,info@vtaslim.com,NEWBIE,$99.00,"July 1, 2022",-,"September 2, 2024","August 2, 2024"
,#17051 for Nicole Poirier,meltwithdrnicole@gmail.com,VETERAN,$289.00,"May 24, 2022","June 22, 2022","August 25, 2024","July 25, 2024"
,#17002 for Mukaia Mitchom Lockett,drmmlockett@gmail.com,NEWBIE,$99.00,"May 2, 2022","May 31, 2022","August 25, 2024","July 25, 2024"
,#16865 for Gabrielle Freedman,freedmanchiro123@gmail.com,ROOKIE PLUS 1 ADDITIONAL USER,$209.00,"March 27, 2022","April 25, 2022","August 25, 2024","July 25, 2024"
,#16760 for Dillon Hammes,wellness@totalhealthiowa.com,ROOKIE,$199.00,"February 22, 2022","April 5, 2022","September 5, 2024","August 5, 2024"
,#16606 for Sarah Stiff,spinequestwi@gmail.com,ROOKIE,$199.00,"January 2, 2022","January 30, 2022","August 25, 2024","July 25, 2024"
,#16315 for Amber Bush,ambernbush@gmail.com,ROOKIE,$199.00,"October 4, 2021","November 1, 2021","September 3, 2024","August 3, 2024"
,#16218 for Stephanie Arbet,drstephanie@rozenhartchiro.com,ROOKIE,$199.00,"September 7, 2021","October 5, 2021","September 12, 2024",8/12/24
,#16016 for Pamela Fowers,healthythinteam@gmail.com,VETERAN,$289.00,"July 9, 2021",-,8/15/24,"July 16, 2024"
,#15972 for Bryan Abasolo,Drabsweightloss@gmail.com,VETERAN,$289.00,"June 26, 2021","July 26, 2021","August 25, 2024","July 25, 2024"
,#15817 for Jennifer Breitenbach,jeneric6@centurytel.net,ROOKIE,$199.00,"May 20, 2021","July 1, 2021","September 3, 2024","August 3, 2024"
,#15678 for Terri Simpson,terri@ixrconsulting.com,VETERAN,$289.00,"April 19, 2021",-,"August 25, 2024","July 25, 2024"
,#15506 for Fawn Shaffer,drfawn@hotmail.com,VETERAN,$289.00,"February 25, 2021","April 8, 2021","September 12, 2024",8/12/24
,#15489 for Roberta Payne,info@propayne.com,VETERAN,$289.00,"February 23, 2021",-,"August 25, 2024","July 25, 2024"
,#15468 for Jessica Mierzwa,DrMierzwa@ForestvilleChiropractic.com,VETERAN,$289.00,"February 16, 2021","March 30, 2021","August 25, 2024","July 25, 2024"
,#15455 for Nathan Voss,clientcare@leancontours.com,ROOKIE,$199.00,"February 14, 2021",-,"August 25, 2024","July 25, 2024"
,#15441 for Susan Sehlmeyer,Caringhandschiro@msn.com,VETERAN,$289.00,"February 9, 2021","March 23, 2021","August 25, 2024","July 25, 2024"
,#15257 for Michelle Schwenn,drschwenn@schwennfamilychiro.com,NEWBIE,$99.00,"December 15, 2020","January 12, 2021","August 25, 2024","July 25, 2024"
,#15071 for Catherine Valen,doccathy@prodigy.net,NEWBIE,$99.00,"October 20, 2020","November 30, 2020","August 25, 2024","July 25, 2024"
,#14880 for Ian Simpson,highlandchiro@hotmail.com,NEWBIE,$99.00,"August 13, 2020","September 24, 2020","August 25, 2024","July 25, 2024"
,#14238 for Roberta Payne,success@myslenderpro.com,ALL PRO,$338.00,"February 7, 2020",-,"September 10, 2024",8/10/24
,#11785 for Gary Bolen,drgarybolen@gmail.com,VETERAN,$289.00,"December 17, 2019","January 14, 2020","August 25, 2024","July 25, 2024"
,#10836 for Jae Chang,livewell@chirowellaz.com,VETERAN,$289.00,"November 25, 2019","December 23, 2019","August 26, 2024","July 26, 2024"
,#8899 for Tom Johnson,drj@multi-carehealth.com,VETERAN,$289.00,"October 16, 2019","November 27, 2019","August 25, 2024","July 25, 2024"
,#8247 for Ali Huber,alird@live.com,VETERAN,$289.00,"September 30, 2019","November 11, 2019","August 25, 2024","July 25, 2024"
,#7911 for Paul Bizjak,drbizjak@yahoo.com,VETERAN,$289.00,"September 25, 2019",-,"August 25, 2024","July 25, 2024"
,#7583 for Kelly Cao,kelly@hhchiro.com,NEWBIE,$99.00,"September 21, 2019",-,"August 25, 2024","July 25, 2024"
,#7537 for Edward Carpenter,lexspinal@yahoo.com,VETERAN,$289.00,"September 21, 2019",-,"August 25, 2024","July 25, 2024"
,#7528 for Jamie Reed,drreed@tds.net,VETERAN,$289.00,"September 21, 2019",-,"August 25, 2024","July 25, 2024"
,#7517 for Deborah Genin,debbiedc@gmailc.com,VETERAN,$289.00,"September 21, 2019",-,"August 25, 2024","July 25, 2024"
,#5547 for Kim Etheredge,ecc3@comcast.net,VETERAN,$289.00,"August 2, 2019",-,In 4 days,"July 17, 2024"
,#4201 for Mandy Halling Roush,drmandychirothin@gmail.com,VETERAN,$289.00,"June 27, 2019",-,"August 26, 2024","July 26, 2024"
,#3837 for Tim Joy,office@docjoy.com,VETERAN,$289.00,"June 17, 2019",-,"August 25, 2024","July 25, 2024"
,#2169 for Susan Friedman,susan.friedman@verizon.net,ROOKIE,$199.00,"March 17, 2019",-,"August 25, 2024","July 25, 2024"
,#2036 for Vince Hassel,hasseldc@aol.com,VETERAN,$289.00,"March 3, 2019","April 14, 2019","August 25, 2024","July 25, 2024"
,#1674 for Chris Carr,drcarr@pghwellness.com,VETERAN,$289.00,"January 31, 2019","March 14, 2019","August 25, 2024","July 25, 2024"
,#1402 for Angela Mawson,mawsonwellness@gmail.com,VETERAN,$289.00,"December 11, 2018",-,In 5 days,"July 17, 2024"
,#1367 for Benjamin McNeil,drmcneil@superiorhealthcarellc.com,VETERAN,$289.00,"December 3, 2018","January 14, 2019","August 22, 2024","July 22, 2024"
,#1363 for Richard Busch,drbusch@buschchiropractic.com,VETERAN,$289.00,"December 3, 2018","January 14, 2019","August 25, 2024","July 25, 2024"
,#1339 for James Appel,kwilliams@appelchiropractic.com,VETERAN,$289.00,"November 26, 2018",-,"August 25, 2024","July 25, 2024"
,#1298 for John Schellenberg,reception@chirothinfargo.com,THIS IS MY CLINIC SITE. I DONT' GET CHARGED FOR THIS :),$0.00,"November 24, 2018",-,"September 1, 2024","August 1, 2024"
,#1243 for James Gray,graychiropractic@sbcglobal.net,VETERAN,$289.00,"November 24, 2018",-,"August 25, 2024","July 25, 2024"
,#1235 for Brian Chaffin,drbriandc04@yahoo.com,VETERAN,$289.00,"November 24, 2018",-,"August 25, 2024","July 25, 2024"
,#1227 for Chris Fischer,bigfish770@yahoo.com,NEWBIE,$99.00,"November 24, 2018",-,"August 25, 2024","July 25, 2024"
,#1219 for Eric Becking,now@drbecking.com,VETERAN,$289.00,"November 24, 2018",-,"August 25, 2024","July 25, 2024"
,#1166 for Roberta Payne,Docbobbi@buckeyeweightloss.com,VETERAN,$289.00,"November 20, 2018",-,"August 25, 2024","July 25, 2024"
,#1147 for Jared McDonald,jared@rebootmymetabolism.com,VETERAN,$289.00,"November 18, 2018",-,"August 25, 2024","July 25, 2024"
,#1088 for Christopher Colgin,drchriscolgin@gmail.com,NEWBIE,$99.00,"November 6, 2018",-,"August 25, 2024","July 25, 2024"
,#22541 for Diana Loudenbek,loudenbeckdc@gmail.com,VETERAN,$289.00,"June 25, 2024","July 4, 2024",-,"August 4, 2024"
,#22436 for Zandrea Kraft,painlessdcwl@gmail.com,ROOKIE,$199.00,"May 21, 2024","July 15, 2024",-,"July 16, 2024"
,#21321 for Tiana Gripper,tgripper@firsthealthca.com,NEWBIE,$99.00,"July 10, 2023","September 6, 2023",-,8/6/24
,#20445 for Julie Brons,gethealthy@performancechiroINTC.com,NEWBIE,$99.00,"November 21, 2022","January 16, 2023",-,"July 25, 2024"